<?xml version="1.0"?>
<!DOCTYPE hibernate-mapping PUBLIC "-//Hibernate/Hibernate Mapping DTD 3.0//EN"
"http://hibernate.sourceforge.net/hibernate-mapping-3.0.dtd">
<!-- Generated Apr 5, 2013 12:53:15 PM by Hibernate Tools 3.2.1.GA -->
<hibernate-mapping>
    <class name="voting.VoterReg" table="voter_reg" catalog="online_voting">
        <id name="siNo" type="java.lang.Integer">
            <column name="si_no" />
            <generator class="identity" />
        </id>
        <property name="name" type="string">
            <column name="name" length="35" />
        </property>
        <property name="gender" type="string">
            <column name="gender" length="20" />
        </property>
        <property name="dob" type="string">
            <column name="dob" length="30" />
        </property>
        <property name="address" type="string">
            <column name="address" length="90" />
        </property>
        <property name="email" type="string">
            <column name="email" length="30" />
        </property>
        <property name="department" type="string">
            <column name="department" length="40" />
        </property>
        <property name="studyPeriod" type="string">
            <column name="study_period" length="40" />
        </property>
        <property name="userName" type="string">
            <column name="user_name" length="35" />
        </property>
        <property name="pass" type="string">
            <column name="pass" length="35" />
        </property>
    </class>
</hibernate-mapping>
